{
    "best_params": {
        "batch_size": 32,
        "lr": 0.0001,
        "max_epochs": 20
    },
    "best_score": 0.6599371254543669,
    "cv_results": {
        "mean_test_score": [
            0.5943363788191374,
            0.654312800864525,
            0.6113567148049907,
            0.6398221829256312,
            0.6171529619805481,
            0.6144267609784851,
            0.5887120542292956,
            0.6599371254543669
        ],
        "std_test_score": [
            0.02148494732979054,
            0.02870805676056577,
            0.039163494023517875,
            0.04733961345857257,
            0.03498251969785264,
            0.040704127739556804,
            0.0348030747003105,
            0.0233776531368385
        ],
        "mean_train_score": [
            0.7385092256336891,
            0.801401269212428,
            0.7342724038003009,
            0.8242788843647212,
            0.7457356663365248,
            0.8256361346490101,
            0.7399520682782486,
            0.8313891640071898
        ],
        "std_train_score": [
            0.0372831576494142,
            0.020767639636030098,
            0.022033722249103035,
            0.02302730905792875,
            0.028332750697167963,
            0.04991027894030901,
            0.023789603346589954,
            0.021382732081617752
        ]
    },
    "test_metrics": {
        "accuracy": 0.38095238095238093,
        "per_class": {
            "1_cumulus": {
                "precision": 0.0,
                "recall": 0.0,
                "specificity": 1.0,
                "f1": 0.0,
                "roc_auc": 0.5729166666666667,
                "pr_auc": 0.2576889035825125
            },
            "2_altocumulus": {
                "precision": 0.0,
                "recall": 0.0,
                "specificity": 1.0,
                "f1": 0.0,
                "roc_auc": 0.5173611111111112,
                "pr_auc": 0.13296743710377742
            },
            "3_cirrus": {
                "precision": 0.3157894736842105,
                "recall": 0.5,
                "specificity": 0.8194444444444444,
                "f1": 0.3870967741935484,
                "roc_auc": 0.7881944444444444,
                "pr_auc": 0.33879799288274837
            },
            "4_clearsky": {
                "precision": 0.6875,
                "recall": 0.9166666666666666,
                "specificity": 0.9305555555555556,
                "f1": 0.7857142857142857,
                "roc_auc": 0.9560185185185186,
                "pr_auc": 0.667159838391456
            },
            "5_stratocumulus": {
                "precision": 0.25,
                "recall": 0.3333333333333333,
                "specificity": 0.8333333333333334,
                "f1": 0.2857142857142857,
                "roc_auc": 0.7534722222222222,
                "pr_auc": 0.2396717786264072
            },
            "6_cumulonimbus": {
                "precision": 0.3333333333333333,
                "recall": 0.9166666666666666,
                "specificity": 0.6944444444444444,
                "f1": 0.4888888888888889,
                "roc_auc": 0.8645833333333333,
                "pr_auc": 0.36766975386082473
            },
            "7_mixed": {
                "precision": 0.0,
                "recall": 0.0,
                "specificity": 1.0,
                "f1": 0.0,
                "roc_auc": 0.36805555555555547,
                "pr_auc": 0.10866646936300978
            }
        },
        "macro_avg": {
            "precision": 0.22666040100250626,
            "recall": 0.38095238095238093,
            "specificity": 0.8968253968253969,
            "f1": 0.27820203350157263,
            "roc_auc": 0.6886574074074074,
            "pr_auc": 0.301803167687248
        }
    }
}