{
    "accuracy": 0.36904761904761907,
    "per_class": {
        "1_cumulus": {
            "precision": 0.6666666666666666,
            "recall": 0.3333333333333333,
            "specificity": 0.9722222222222222,
            "f1": 0.4444444444444444,
            "roc_auc": 0.5277777777777778,
            "pr_auc": 0.32175865510879154
        },
        "2_altocumulus": {
            "precision": 0.0,
            "recall": 0.0,
            "specificity": 1.0,
            "f1": 0.0,
            "roc_auc": 0.4317129629629629,
            "pr_auc": 0.11550460205816918
        },
        "3_cirrus": {
            "precision": 0.15384615384615385,
            "recall": 0.16666666666666666,
            "specificity": 0.8472222222222222,
            "f1": 0.16,
            "roc_auc": 0.630787037037037,
            "pr_auc": 0.2503487755997941
        },
        "4_clearsky": {
            "precision": 0.8181818181818182,
            "recall": 0.75,
            "specificity": 0.9722222222222222,
            "f1": 0.782608695652174,
            "roc_auc": 0.96875,
            "pr_auc": 0.7620598151848151
        },
        "5_stratocumulus": {
            "precision": 0.23076923076923078,
            "recall": 0.25,
            "specificity": 0.8611111111111112,
            "f1": 0.24,
            "roc_auc": 0.576388888888889,
            "pr_auc": 0.1938734388734282
        },
        "6_cumulonimbus": {
            "precision": 0.4,
            "recall": 1.0,
            "specificity": 0.75,
            "f1": 0.5714285714285714,
            "roc_auc": 0.90625,
            "pr_auc": 0.4534531895470911
        },
        "7_mixed": {
            "precision": 0.09090909090909091,
            "recall": 0.08333333333333333,
            "specificity": 0.8611111111111112,
            "f1": 0.08695652173913043,
            "roc_auc": 0.3587962962962962,
            "pr_auc": 0.10656258188932609
        }
    },
    "macro_avg": {
        "precision": 0.33719613719613717,
        "recall": 0.36904761904761907,
        "specificity": 0.8948412698412699,
        "f1": 0.3264911761806172,
        "roc_auc": 0.6286375661375659,
        "pr_auc": 0.31479443689448783
    }
}