{
    "accuracy": 0.38095238095238093,
    "per_class": {
        "1_cumulus": {
            "precision": 0.6666666666666666,
            "recall": 0.3333333333333333,
            "specificity": 0.9722222222222222,
            "f1": 0.4444444444444444,
            "roc_auc": 0.5393518518518519,
            "pr_auc": 0.3488976668091959
        },
        "2_altocumulus": {
            "precision": 0.0,
            "recall": 0.0,
            "specificity": 1.0,
            "f1": 0.0,
            "roc_auc": 0.4537037037037037,
            "pr_auc": 0.11909267144458313
        },
        "3_cirrus": {
            "precision": 0.23809523809523808,
            "recall": 0.4166666666666667,
            "specificity": 0.7777777777777778,
            "f1": 0.30303030303030304,
            "roc_auc": 0.6319444444444444,
            "pr_auc": 0.24869187418029443
        },
        "4_clearsky": {
            "precision": 0.7272727272727273,
            "recall": 0.6666666666666666,
            "specificity": 0.9583333333333334,
            "f1": 0.6956521739130435,
            "roc_auc": 0.9664351851851851,
            "pr_auc": 0.7420446999394369
        },
        "5_stratocumulus": {
            "precision": 0.25,
            "recall": 0.25,
            "specificity": 0.875,
            "f1": 0.25,
            "roc_auc": 0.5648148148148149,
            "pr_auc": 0.18919127227587884
        },
        "6_cumulonimbus": {
            "precision": 0.44,
            "recall": 0.9166666666666666,
            "specificity": 0.8055555555555556,
            "f1": 0.5945945945945946,
            "roc_auc": 0.9155092592592593,
            "pr_auc": 0.47733003594845697
        },
        "7_mixed": {
            "precision": 0.1111111111111111,
            "recall": 0.08333333333333333,
            "specificity": 0.8888888888888888,
            "f1": 0.09523809523809523,
            "roc_auc": 0.3773148148148149,
            "pr_auc": 0.113664808510764
        }
    },
    "macro_avg": {
        "precision": 0.3475922490208205,
        "recall": 0.38095238095238093,
        "specificity": 0.896825396825397,
        "f1": 0.3404228016029259,
        "roc_auc": 0.6355820105820106,
        "pr_auc": 0.3198447184440872
    }
}