{
    "method": "non_nested_grid_search",
    "params": {
        "cv": 4,
        "n_iter": "N/A",
        "method": "grid",
        "scoring": "accuracy"
    },
    "best_params": {
        "batch_size": 16,
        "lr": 0.001,
        "max_epochs": 15,
        "optimizer__weight_decay": 0.01
    },
    "best_score": 0.9738095238095239,
    "cv_results": {
        "mean_fit_time": [
            51.27975404262543,
            51.34664672613144,
            76.42667555809021,
            76.49327838420868,
            51.19110596179962,
            51.25157564878464,
            76.41297334432602,
            76.43431454896927,
            51.13964247703552,
            51.156387865543365,
            76.3705877661705,
            76.40826213359833
        ],
        "std_fit_time": [
            0.20218677240401806,
            0.13725827782637423,
            0.1468103003711902,
            0.11944995391738218,
            0.13932882691186452,
            0.028972302948995537,
            0.22365519357388194,
            0.1470637693686739,
            0.16746637025509717,
            0.02107297671547968,
            0.23082351003327595,
            0.17732514388514495
        ],
        "mean_score_time": [
            0.8691943883895874,
            0.8605991005897522,
            0.8655697107315063,
            0.8679884076118469,
            0.8679462671279907,
            0.8642881512641907,
            0.8728313446044922,
            0.8658084869384766,
            0.868992030620575,
            0.8640278577804565,
            0.8656596541404724,
            0.8774353265762329
        ],
        "std_score_time": [
            0.003842359059688952,
            0.020549402847288435,
            0.00517886918871749,
            0.011912392292413265,
            0.013282384913992386,
            0.004889986764269947,
            0.013671679397992808,
            0.008133397158883499,
            0.01029011248704758,
            0.016070844513656868,
            0.005870289695159791,
            0.007343377990074871
        ],
        "param_batch_size": [
            16,
            16,
            16,
            16,
            16,
            16,
            16,
            16,
            16,
            16,
            16,
            16
        ],
        "param_lr": [
            0.001,
            0.001,
            0.001,
            0.001,
            0.0005,
            0.0005,
            0.0005,
            0.0005,
            0.0001,
            0.0001,
            0.0001,
            0.0001
        ],
        "param_max_epochs": [
            10,
            10,
            15,
            15,
            10,
            10,
            15,
            15,
            10,
            10,
            15,
            15
        ],
        "param_optimizer__weight_decay": [
            0.01,
            0.001,
            0.01,
            0.001,
            0.01,
            0.001,
            0.01,
            0.001,
            0.01,
            0.001,
            0.01,
            0.001
        ],
        "params": [
            {
                "batch_size": 16,
                "lr": 0.001,
                "max_epochs": 10,
                "optimizer__weight_decay": 0.01
            },
            {
                "batch_size": 16,
                "lr": 0.001,
                "max_epochs": 10,
                "optimizer__weight_decay": 0.001
            },
            {
                "batch_size": 16,
                "lr": 0.001,
                "max_epochs": 15,
                "optimizer__weight_decay": 0.01
            },
            {
                "batch_size": 16,
                "lr": 0.001,
                "max_epochs": 15,
                "optimizer__weight_decay": 0.001
            },
            {
                "batch_size": 16,
                "lr": 0.0005,
                "max_epochs": 10,
                "optimizer__weight_decay": 0.01
            },
            {
                "batch_size": 16,
                "lr": 0.0005,
                "max_epochs": 10,
                "optimizer__weight_decay": 0.001
            },
            {
                "batch_size": 16,
                "lr": 0.0005,
                "max_epochs": 15,
                "optimizer__weight_decay": 0.01
            },
            {
                "batch_size": 16,
                "lr": 0.0005,
                "max_epochs": 15,
                "optimizer__weight_decay": 0.001
            },
            {
                "batch_size": 16,
                "lr": 0.0001,
                "max_epochs": 10,
                "optimizer__weight_decay": 0.01
            },
            {
                "batch_size": 16,
                "lr": 0.0001,
                "max_epochs": 10,
                "optimizer__weight_decay": 0.001
            },
            {
                "batch_size": 16,
                "lr": 0.0001,
                "max_epochs": 15,
                "optimizer__weight_decay": 0.01
            },
            {
                "batch_size": 16,
                "lr": 0.0001,
                "max_epochs": 15,
                "optimizer__weight_decay": 0.001
            }
        ],
        "split0_test_score": [
            0.9873015873015873,
            0.9746031746031746,
            0.9873015873015873,
            0.9809523809523809,
            0.9777777777777777,
            0.9619047619047619,
            0.9777777777777777,
            0.9841269841269841,
            0.9174603174603174,
            0.9333333333333333,
            0.9396825396825397,
            0.9333333333333333
        ],
        "split1_test_score": [
            0.9619047619047619,
            0.9650793650793651,
            0.9650793650793651,
            0.9650793650793651,
            0.9587301587301588,
            0.9523809523809523,
            0.9619047619047619,
            0.9650793650793651,
            0.9301587301587302,
            0.9301587301587302,
            0.9333333333333333,
            0.9396825396825397
        ],
        "split2_test_score": [
            0.9746031746031746,
            0.9746031746031746,
            0.9777777777777777,
            0.9777777777777777,
            0.946031746031746,
            0.9396825396825397,
            0.9555555555555556,
            0.9682539682539683,
            0.8984126984126984,
            0.9047619047619048,
            0.9142857142857143,
            0.9174603174603174
        ],
        "split3_test_score": [
            0.9587301587301588,
            0.9555555555555556,
            0.9650793650793651,
            0.9619047619047619,
            0.946031746031746,
            0.9396825396825397,
            0.9428571428571428,
            0.9492063492063492,
            0.9079365079365079,
            0.8952380952380953,
            0.9111111111111111,
            0.9047619047619048
        ],
        "mean_test_score": [
            0.9706349206349207,
            0.9674603174603175,
            0.9738095238095239,
            0.9714285714285714,
            0.9571428571428571,
            0.9484126984126984,
            0.9595238095238094,
            0.9666666666666666,
            0.9134920634920635,
            0.9158730158730158,
            0.9246031746031745,
            0.9238095238095237
        ],
        "std_test_score": [
            0.011307783213313499,
            0.007896725691322352,
            0.00935700485916794,
            0.008093681767607566,
            0.012992623447416588,
            0.00935700485916794,
            0.012573793268059404,
            0.012397221707788335,
            0.011744959195991063,
            0.016265001215808882,
            0.012166436283139608,
            0.013654484550861316
        ],
        "rank_test_score": [
            3,
            4,
            1,
            2,
            7,
            8,
            6,
            5,
            12,
            11,
            9,
            10
        ],