{
    "method": "single_eval",
    "params": {},
    "accuracy": 0.5977011494252874,
    "macro_avg": {
        "precision": 0.5761591478696743,
        "recall": 0.5970695970695971,
        "specificity": 0.932895752895753,
        "f1": 0.5630334811647381,
        "roc_auc": 0.8961155661155661,
        "pr_auc": 0.6609711043609904
    }
}