{
    "method": "single_eval",
    "params": {},
    "accuracy": 0.6091954022988506,
    "macro_avg": {
        "precision": 0.6812146187146187,
        "recall": 0.6135531135531135,
        "specificity": 0.934980694980695,
        "f1": 0.5920534093855327,
        "roc_auc": 0.8979995379995379,
        "pr_auc": 0.6735094848917119
    },
    "full_params_used": {}
}