{
    "cv_results": {
        "test_accuracy": [
            0.6436781609195402,
            0.7241379310344828,
            0.632183908045977,
            0.5632183908045977,
            0.6511627906976745
        ],
        "test_precision_macro": [
            0.6785997732426303,
            0.7314365354778888,
            0.6729003139717425,
            0.6608983381150868,
            0.636412000697715
        ],
        "test_recall_macro": [
            0.6410256410256411,
            0.717948717948718,
            0.6272893772893774,
            0.5686813186813187,
            0.6556776556776557
        ],
        "test_f1_macro": [
            0.6461641695067305,
            0.7099992782258792,
            0.6038370139890807,
            0.5571330732086678,
            0.6264774114774115
        ]
    },
    "accuracy": 0.6428762363004544,
    "mean_test_accuracy": 0.6428762363004544,
    "std_test_accuracy": 0.051249334299017915,
    "mean_test_precision_macro": 0.6760493923010127,
    "std_test_precision_macro": 0.03125646820299778,
    "mean_test_recall_macro": 0.6421245421245421,
    "std_test_recall_macro": 0.048058691816240784,
    "mean_test_f1_macro": 0.628722189281554,
    "std_test_f1_macro": 0.05031798958277935,
    "macro_avg": {
        "precision": 0.6760493923010127,
        "recall": 0.6421245421245421,
        "f1": 0.628722189281554
    }
}