{
    "cv_results": {
        "test_accuracy": [
            0.6068965517241379,
            0.6068965517241379,
            0.5972222222222222
        ],
        "test_precision_macro": [
            0.6462262788578579,
            0.6711050200752717,
            0.6082190449546246
        ],
        "test_recall_macro": [
            0.6051020408163266,
            0.6051020408163266,
            0.5976190476190475
        ],
        "test_f1_macro": [
            0.6013426677312504,
            0.5681347637869377,
            0.5879851622688781
        ]
    },
    "best_params_per_fold": [
        {
            "batch_size": 16,
            "lr": 0.0001,
            "max_epochs": 10
        },
        {
            "batch_size": 16,
            "lr": 0.0001,
            "max_epochs": 10
        },
        {
            "batch_size": 16,
            "lr": 0.0001,
            "max_epochs": 10
        }
    ],
    "mean_test_accuracy": 0.6036717752234994,
    "std_test_accuracy": 0.004560522662825117,
    "mean_test_precision_macro": 0.6418501146292513,
    "std_test_precision_macro": 0.025858906611784166,
    "mean_test_recall_macro": 0.6026077097505669,
    "std_test_recall_macro": 0.0035275168222458925,
    "mean_test_f1_macro": 0.5858208645956887,
    "std_test_f1_macro": 0.013643175568938112,
    "accuracy": 0.6036717752234994,
    "macro_avg": {
        "precision": 0.6418501146292513,
        "recall": 0.6026077097505669,
        "f1": 0.5858208645956887,
        "roc_auc": 0.0,
        "pr_auc": 0.0
    }
}