mean_fit_time,std_fit_time,mean_score_time,std_score_time,param_batch_size,param_lr,param_max_epochs,param_module__dropout_rate,params,split0_test_score,split1_test_score,split2_test_score,mean_test_score,std_test_score,rank_test_score
13.716001987457275,0.9197053531115271,0.5834762255350748,0.03084048444976452,32,0.005,10,0.4,"{'batch_size': 32, 'lr': 0.005, 'max_epochs': 10, 'module__dropout_rate': 0.4}",0.43103448275862066,0.5603448275862069,0.5652173913043478,0.5188655672163918,0.06213780393645469,2
15.187326510747274,0.8347691482874662,0.561446746190389,0.043102939423474235,32,0.001,10,0.4,"{'batch_size': 32, 'lr': 0.001, 'max_epochs': 10, 'module__dropout_rate': 0.4}",0.5603448275862069,0.7068965517241379,0.6260869565217392,0.6311094452773612,0.05993480350583915,1
