{
    "method": "single_eval",
    "params": {},
    "accuracy": 0.5977011494252874,
    "macro_avg": {
        "precision": 0.5434419381787803,
        "recall": 0.5970695970695971,
        "specificity": 0.9329987129987131,
        "f1": 0.5501446976852707,
        "roc_auc": 0.8905652905652905,
        "pr_auc": 0.6789079570210612
    },
    "full_params_used": {}
}