{
    "method": "non_nested_grid_search",
    "params": {
        "cv": 3,
        "n_iter": "N/A",
        "method": "grid",
        "scoring": "accuracy"
    },
    "best_params": {
        "lr": 0.001,
        "optimizer__weight_decay": 0.01
    },
    "best_score": 0.6339080459770114,
    "cv_results": {
        "mean_fit_time": [
            15.135592540105185,
            13.88374392191569
        ],
        "std_fit_time": [
            4.540031674785017,
            2.78088233292218
        ],
        "mean_score_time": [
            0.5536509354909261,
            0.6101752122243246
        ],
        "std_score_time": [
            0.02332438800184643,
            0.06424574783527554
        ],
        "param_lr": [
            0.001,
            0.001
        ],
        "param_optimizer__weight_decay": [
            0.01,
            0.005
        ],
        "split0_test_score": [
            0.6551724137931034,
            0.5689655172413793
        ],
        "split1_test_score": [
            0.646551724137931,
            0.603448275862069
        ],
        "split2_test_score": [
            0.6,
            0.5652173913043478
        ],
        "mean_test_score": [
            0.6339080459770114,
            0.5792103948025987
        ],
        "std_test_score": [
            0.02423352717506669,
            0.01720694182977193
        ],
        "rank_test_score": [
            1,
            2
        ],
        "split0_train_score": [
            0.670995670995671,
            0.70995670995671
        ],
        "split1_train_score": [
            0.6796536796536796,
            0.6147186147186147
        ],
        "split2_train_score": [
            0.728448275862069,
            0.6077586206896551
        ],
        "mean_train_score": [
            0.6930325421704732,
            0.6441446484549932
        ],
        "std_train_score": [
            0.025290919624324466,
            0.04662281958118862
        ]
    },
    "test_set_evaluation": {
        "message": "Test set evaluation not performed in this method."
    },
    "accuracy": NaN,
    "macro_avg": {},
    "full_params_used": {
        "cv": 3,
        "n_iter": "N/A",
        "method": "grid",
        "scoring": "accuracy"
    }
}