{
    "method": "single_eval",
    "params": {},
    "accuracy": 0.6666666666666666,
    "macro_avg": {
        "precision": 0.6611118205103167,
        "recall": 0.6657509157509158,
        "specificity": 0.9443500643500643,
        "f1": 0.6509230061403974,
        "roc_auc": 0.9212516912516914,
        "pr_auc": 0.7250350330959863
    },
    "full_params_used": {}
}