{
    "method": "nested_grid_search",
    "params": {
        "outer_cv": 3,
        "inner_cv": 2,
        "n_iter": "N/A",
        "method": "grid",
        "scoring": "accuracy"
    },
    "best_params": {
        "lr": 0.0005,
        "optimizer__weight_decay": 0.001
    },
    "best_tuning_score": 0.7371428571428571,
    "inner_cv_results": {
        "mean_fit_time": [
            1.778173804283142,
            1.3808174133300781,
            1.4936864376068115,
            1.450120210647583
        ],
        "std_fit_time": [
            0.25723254680633545,
            0.021378517150878906,
            0.07883000373840332,
            0.019296884536743164
        ],
        "mean_score_time": [
            0.035672664642333984,
            0.03136646747589111,
            0.030128955841064453,
            0.031172752380371094
        ],
        "std_score_time": [
            0.007742643356323242,
            0.0009504556655883789,
            0.00013637542724609375,
            0.00013566017150878906
        ],
        "param_lr": [
            0.001,
            0.001,
            0.0005,
            0.0005
        ],
        "param_optimizer__weight_decay": [
            0.01,
            0.001,
            0.01,
            0.001
        ],
        "params": [
            {
                "lr": 0.001,
                "optimizer__weight_decay": 0.01
            },
            {
                "lr": 0.001,
                "optimizer__weight_decay": 0.001
            },
            {
                "lr": 0.0005,
                "optimizer__weight_decay": 0.01
            },
            {
                "lr": 0.0005,
                "optimizer__weight_decay": 0.001
            }
        ],
        "split0_test_score": [
            0.7371428571428571,
            0.68,
            0.7142857142857143,
            0.7771428571428571
        ],
        "split1_test_score": [
            0.7257142857142858,
            0.6342857142857142,
            0.7314285714285714,
            0.6971428571428572
        ],
        "mean_test_score": [
            0.7314285714285714,
            0.6571428571428571,
            0.7228571428571429,
            0.7371428571428571
        ],
        "std_test_score": [
            0.005714285714285672,
            0.02285714285714291,
            0.008571428571428563,
            0.03999999999999998
        ],
        "rank_test_score": [
            2,
            4,
            3,
            1
        ]
    },
    "fixed_test_set_evaluation": {
        "accuracy": 0.32142857142857145,
        "macro_avg": {
            "precision": 0.19312770562770562,
            "recall": 0.32142857142857145,
            "specificity": 0.8869047619047619,
            "f1": 0.23749499799919965,
            "roc_auc": 0.6175595238095238,
            "pr_auc": 0.24535986946110713
        }
    },
    "accuracy": 0.32142857142857145,
    "macro_avg": {
        "precision": 0.19312770562770562,
        "recall": 0.32142857142857145,
        "specificity": 0.8869047619047619,
        "f1": 0.23749499799919965,
        "roc_auc": 0.6175595238095238,
        "pr_auc": 0.24535986946110713
    }
}