{
    "method": "non_nested_grid_search",
    "params": {
        "cv": 3,
        "n_iter": "N/A",
        "method": "grid",
        "scoring": "accuracy"
    },
    "best_params": {
        "lr": 0.0005,
        "optimizer__weight_decay": 0.001
    },
    "best_score": 0.7747654998856097,
    "cv_results": {
        "mean_fit_time": [
            2.339369297027588,
            1.5686760743459065,
            1.6252059936523438,
            1.6049407323201497
        ],
        "std_fit_time": [
            1.0925799277335682,
            0.061231526791931355,
            0.03978023088976555,
            0.021957031937910772
        ],
        "mean_score_time": [
            0.0338747501373291,
            0.018709739049275715,
            0.02109535535176595,
            0.01786526044209798
        ],
        "std_score_time": [
            0.014912145823078636,
            0.0005322138691529504,
            0.002868934932290764,
            0.0016427870603168773
        ],
        "param_lr": [
            0.001,
            0.001,
            0.0005,
            0.0005
        ],
        "param_optimizer__weight_decay": [
            0.01,
            0.001,
            0.01,
            0.001
        ],
        "split0_test_score": [
            0.8297872340425532,
            0.6914893617021277,
            0.8297872340425532,
            0.8404255319148937
        ],
        "split1_test_score": [
            0.6559139784946236,
            0.7526881720430108,
            0.7956989247311828,
            0.7204301075268817
        ],
        "split2_test_score": [
            0.6774193548387096,
            0.6881720430107527,
            0.6774193548387096,
            0.7634408602150538
        ],
        "mean_test_score": [
            0.7210401891252954,
            0.7107831922519638,
            0.7676351712041485,
            0.7747654998856097
        ],
        "std_test_score": [
            0.07739534928578178,
            0.029662227937126598,
            0.06529253836791694,
            0.049638097373326195
        ],
        "rank_test_score": [
            3,
            4,
            2,
            1
        ],
        "split0_train_score": [
            0.8064516129032258,
            0.7688172043010753,
            0.8172043010752689,
            0.7580645161290323
        ],
        "split1_train_score": [
            0.7112299465240641,
            0.8288770053475936,
            0.8342245989304813,
            0.8128342245989305
        ],
        "split2_train_score": [
            0.8181818181818182,
            0.8181818181818182,
            0.8181818181818182,
            0.8609625668449198
        ],
        "mean_train_score": [
            0.7786211258697028,
            0.8052920092768291,
            0.8232035727291894,
            0.8106204358576274
        ],
        "std_train_score": [
            0.04789278107861697,
            0.02615855890070138,
            0.007803253544540245,
            0.042037109444915295
        ]
    },
    "test_set_evaluation": {
        "accuracy": 0.32142857142857145,
        "macro_avg": {
            "precision": 0.24057971014492757,
            "recall": 0.32142857142857145,
            "specificity": 0.886904761904762,
            "f1": 0.26270786092214665,
            "roc_auc": 0.6380621693121693,
            "pr_auc": 0.2947524510089742
        }
    },
    "accuracy": 0.32142857142857145,
    "macro_avg": {
        "precision": 0.24057971014492757,
        "recall": 0.32142857142857145,
        "specificity": 0.886904761904762,
        "f1": 0.26270786092214665,
        "roc_auc": 0.6380621693121693,
        "pr_auc": 0.2947524510089742
    }
}