{
    "accuracy": 0.35714285714285715,
    "macro_avg": {
        "precision": 0.20958834126535988,
        "recall": 0.35714285714285715,
        "specificity": 0.8928571428571429,
        "f1": 0.2546769843717115,
        "roc_auc": 0.6144179894179895,
        "pr_auc": 0.2666488053627149
    }
}