{
    "method": "single_eval",
    "params": {},
    "accuracy": 0.5517241379310345,
    "macro_avg": {
        "precision": 0.6026751026751027,
        "recall": 0.5567765567765568,
        "specificity": 0.9255341055341056,
        "f1": 0.5318749573407958,
        "roc_auc": 0.8908616308616308,
        "pr_auc": 0.6588149983681376
    },
    "full_params_used": {}
}