{
    "best_params": {
        "batch_size": 16,
        "lr": 0.0001,
        "max_epochs": 10
    },
    "best_score": 0.5742857142857143,
    "test_metrics": {
        "accuracy": 0.35714285714285715,
        "per_class": {
            "1_cumulus": {
                "precision": 0.0,
                "recall": 0.0,
                "specificity": 1.0,
                "f1": 0.0,
                "roc_auc": 0.41550925925925924,
                "pr_auc": 0.151517751821125
            },
            "2_altocumulus": {
                "precision": 0.0,
                "recall": 0.0,
                "specificity": 1.0,
                "f1": 0.0,
                "roc_auc": 0.42592592592592593,
                "pr_auc": 0.11531204978512943
            },
            "3_cirrus": {
                "precision": 0.3333333333333333,
                "recall": 0.4166666666666667,
                "specificity": 0.8611111111111112,
                "f1": 0.37037037037037035,
                "roc_auc": 0.7256944444444444,
                "pr_auc": 0.2557416444565165
            },
            "4_clearsky": {
                "precision": 0.7333333333333333,
                "recall": 0.9166666666666666,
                "specificity": 0.9444444444444444,
                "f1": 0.8148148148148148,
                "roc_auc": 0.9606481481481481,
                "pr_auc": 0.6842473804789982
            },
            "5_stratocumulus": {
                "precision": 0.3333333333333333,
                "recall": 0.16666666666666666,
                "specificity": 0.9444444444444444,
                "f1": 0.2222222222222222,
                "roc_auc": 0.7800925925925926,
                "pr_auc": 0.3617945791782974
            },
            "6_cumulonimbus": {
                "precision": 0.2553191489361702,
                "recall": 1.0,
                "specificity": 0.5138888888888888,
                "f1": 0.4067796610169492,
                "roc_auc": 0.8344907407407407,
                "pr_auc": 0.3119186847168578
            },
            "7_mixed": {
                "precision": 0.0,
                "recall": 0.0,
                "specificity": 0.9861111111111112,
                "f1": 0.0,
                "roc_auc": 0.3761574074074074,
                "pr_auc": 0.13280409996428094
            }
        },
        "macro_avg": {
            "precision": 0.2364741641337386,
            "recall": 0.35714285714285715,
            "specificity": 0.8928571428571429,
            "f1": 0.2591695812034795,
            "roc_auc": 0.6455026455026455,
            "pr_auc": 0.28761945577160075
        }
    }
}