{
    "best_params": {
        "batch_size": 16,
        "lr": 0.0001,
        "max_epochs": 10
    },
    "best_score": 0.605634148737597,
    "cv_results": {
        "mean_test_score": [
            0.5856174476864132,
            0.605634148737597
        ],
        "std_test_score": [
            0.026152538227502544,
            0.031463146496033524
        ],
        "mean_train_score": [
            0.7528214910189158,
            0.7415232994632136
        ],
        "std_train_score": [
            0.01970172238615572,
            0.06182643160376181
        ]
    },
    "test_metrics": {
        "accuracy": 0.38095238095238093,
        "per_class": {
            "1_cumulus": {
                "precision": 0.0,
                "recall": 0.0,
                "specificity": 1.0,
                "f1": 0.0,
                "roc_auc": 0.4224537037037037,
                "pr_auc": 0.14796074849730245
            },
            "2_altocumulus": {
                "precision": 0.0,
                "recall": 0.0,
                "specificity": 1.0,
                "f1": 0.0,
                "roc_auc": 0.5671296296296297,
                "pr_auc": 0.1526244029541943
            },
            "3_cirrus": {
                "precision": 0.375,
                "recall": 0.5,
                "specificity": 0.8611111111111112,
                "f1": 0.42857142857142855,
                "roc_auc": 0.744212962962963,
                "pr_auc": 0.3344463782178243
            },
            "4_clearsky": {
                "precision": 0.75,
                "recall": 1.0,
                "specificity": 0.9444444444444444,
                "f1": 0.8571428571428571,
                "roc_auc": 0.9710648148148149,
                "pr_auc": 0.7462364024864027
            },
            "5_stratocumulus": {
                "precision": 0.25,
                "recall": 0.16666666666666666,
                "specificity": 0.9166666666666666,
                "f1": 0.2,
                "roc_auc": 0.7488425925925927,
                "pr_auc": 0.2509804367966363
            },
            "6_cumulonimbus": {
                "precision": 0.27906976744186046,
                "recall": 1.0,
                "specificity": 0.5694444444444444,
                "f1": 0.43636363636363634,
                "roc_auc": 0.8634259259259259,
                "pr_auc": 0.4027805886732615
            },
            "7_mixed": {
                "precision": 0.0,
                "recall": 0.0,
                "specificity": 0.9861111111111112,
                "f1": 0.0,
                "roc_auc": 0.3055555555555556,
                "pr_auc": 0.10200742742978423
            }
        },
        "macro_avg": {
            "precision": 0.23629568106312293,
            "recall": 0.380952380952381,
            "specificity": 0.896825396825397,
            "f1": 0.27458256029684597,
            "roc_auc": 0.6603835978835979,
            "pr_auc": 0.30529091215077225
        }
    },
    "accuracy": 0.605634148737597,
    "macro_avg": {
        "precision": 0.5956257982120051,
        "recall": 0.5956257982120051,
        "f1": 0.5956257982120051,
        "roc_auc": 0.0,
        "pr_auc": 0.0
    }
}