{
    "method": "non_nested_grid_search",
    "params": {
        "cv": 3,
        "n_iter": "N/A",
        "method": "grid",
        "scoring": "accuracy"
    },
    "best_params": {
        "lr": 0.001,
        "optimizer__weight_decay": 0.005
    },
    "best_score": 0.636856571714143,
    "cv_results": {
        "mean_fit_time": [
            13.061458826065063,
            14.564635038375854,
            18.93597912788391,
            12.70583995183309
        ],
        "std_fit_time": [
            2.4116826095775994,
            2.0271908292821363,
            3.650953579093615,
            2.1954098338499755
        ],
        "mean_score_time": [
            0.584526538848877,
            0.6008134682973226,
            0.5800880591074625,
            0.5511536598205566
        ],
        "std_score_time": [
            0.04834587437540475,
            0.10069607717262022,
            0.05365559099002294,
            0.04382464602916251
        ],
        "param_lr": [
            0.001,
            0.001,
            0.0005,
            0.0005
        ],
        "param_optimizer__weight_decay": [
            0.01,
            0.005,
            0.01,
            0.005
        ],
        "split0_test_score": [
            0.6293103448275862,
            0.6206896551724138,
            0.6379310344827587,
            0.603448275862069
        ],
        "split1_test_score": [
            0.6206896551724138,
            0.6637931034482759,
            0.6379310344827587,
            0.6637931034482759
        ],
        "split2_test_score": [
            0.5391304347826087,
            0.6260869565217392,
            0.5217391304347826,
            0.5652173913043478
        ],
        "mean_test_score": [
            0.5963768115942029,
            0.636856571714143,
            0.5992003998001,
            0.6108195902048975
        ],
        "std_test_score": [
            0.040632005579132414,
            0.019174032298255553,
            0.054773388847533695,
            0.04057951012129346
        ],
        "rank_test_score": [
            4,
            1,
            3,
            2
        ],
        "split0_train_score": [
            0.670995670995671,
            0.6796536796536796,
            0.7316017316017316,
            0.670995670995671
        ],
        "split1_train_score": [
            0.6796536796536796,
            0.7186147186147186,
            0.7402597402597403,
            0.7402597402597403
        ],
        "split2_train_score": [
            0.6982758620689655,
            0.6896551724137931,
            0.7198275862068966,
            0.6551724137931034
        ],
        "mean_train_score": [
            0.6829750709061054,
            0.6959745235607304,
            0.7305630193561227,
            0.6888092750161716
        ],
        "std_train_score": [
            0.011382030754296644,
            0.016521527137235682,
            0.008373665949736615,
            0.03695002613855102
        ]
    },
    "test_set_evaluation": {
        "accuracy": 0.5517241379310345,
        "macro_avg": {
            "precision": 0.577317920175063,
            "recall": 0.554945054945055,
            "specificity": 0.9254054054054055,
            "f1": 0.5385613420396029,
            "roc_auc": 0.8926132726132726,
            "pr_auc": 0.6492096020930845
        }
    },
    "accuracy": 0.5517241379310345,
    "macro_avg": {
        "precision": 0.577317920175063,
        "recall": 0.554945054945055,
        "specificity": 0.9254054054054055,
        "f1": 0.5385613420396029,
        "roc_auc": 0.8926132726132726,
        "pr_auc": 0.6492096020930845
    },
    "full_params_used": {
        "cv": 3,
        "n_iter": "N/A",
        "method": "grid",
        "scoring": "accuracy"
    }
}