{
    "method": "single_eval",
    "params": {},
    "accuracy": 0.8666666666666667,
    "macro_avg": {
        "precision": 0.875902660767332,
        "recall": 0.8666666666666667,
        "specificity": 0.9733333333333333,
        "f1": 0.8654574743578903,
        "roc_auc": 0.9796802721088436,
        "pr_auc": 0.9390833312409569
    }
}