{
    "cv_results": {
        "fit_time": [
            6.785818815231323,
            7.864901542663574,
            5.143394231796265,
            5.020315170288086,
            5.2804765701293945
        ],
        "score_time": [
            0.05753016471862793,
            0.06100058555603027,
            0.07504415512084961,
            0.05399918556213379,
            0.05951523780822754
        ],
        "test_accuracy": [
            0.6436781609195402,
            0.6551724137931034,
            0.6091954022988506,
            0.5172413793103449,
            0.6162790697674418
        ],
        "train_accuracy": [
            0.7492795389048992,
            0.7204610951008645,
            0.7262247838616714,
            0.7002881844380403,
            0.6982758620689655
        ],
        "test_precision_macro": [
            0.6785997732426303,
            0.6447593722803806,
            0.6941383908489172,
            0.5607834521368356,
            0.6233404127201119
        ],
        "train_precision_macro": [
            0.7640172481166804,
            0.7465860935383579,
            0.7492050807354309,
            0.7268759510011297,
            0.7323167159078944
        ],
        "test_recall_macro": [
            0.6410256410256411,
            0.6483516483516482,
            0.6043956043956044,
            0.5238095238095238,
            0.6199633699633699
        ],
        "train_recall_macro": [
            0.7491545189504373,
            0.7216909620991253,
            0.7267055393586005,
            0.6991836734693876,
            0.6979591836734694
        ],
        "test_f1_macro": [
            0.6461641695067305,
            0.6343993659735788,
            0.5795573474144903,
            0.49615444251895136,
            0.6015421522820134
        ],
        "train_f1_macro": [
            0.7475320543708425,
            0.7178529329484608,
            0.7163903069870329,
            0.6967612782368321,
            0.6950225797876378
        ]
    },
    "accuracy": 0.6083132852178561,
    "macro_avg": {
        "precision": 0.640324280245775,
        "recall": 0.6075091575091575,
        "f1": 0.5915634955391529,
        "roc_auc": 0.0,
        "pr_auc": 0.0
    }
}