{
    "method": "single_eval",
    "params": {},
    "accuracy": 0.5977011494252874,
    "macro_avg": {
        "precision": 0.6025183406696011,
        "recall": 0.5989010989010989,
        "specificity": 0.9329987129987131,
        "f1": 0.5666734166734168,
        "roc_auc": 0.8862076362076363,
        "pr_auc": 0.6494908771985097
    },
    "full_params_used": {}
}