{
    "method": "single_eval",
    "params": {},
    "accuracy": 0.5747126436781609,
    "macro_avg": {
        "precision": 0.5528571428571428,
        "recall": 0.5805860805860805,
        "specificity": 0.9293178893178894,
        "f1": 0.5444046248394074,
        "roc_auc": 0.898009438009438,
        "pr_auc": 0.6349650355555857
    },
    "full_params_used": {}
}