{
    "method": "non_nested_grid_search",
    "params": {
        "cv": 3,
        "n_iter": "N/A",
        "method": "grid",
        "scoring": "accuracy"
    },
    "best_params": {
        "lr": 0.0005,
        "optimizer__weight_decay": 0.01
    },
    "best_score": 0.9352678571428572,
    "cv_results": {
        "mean_fit_time": [
            3.5499583085378013,
            3.5462419986724854,
            3.781262159347534,
            4.0401216348012285
        ],
        "std_fit_time": [
            0.2430151030554521,
            0.1130248786440976,
            0.316707511496405,
            0.7904468288027569
        ],
        "mean_score_time": [
            0.04717127482096354,
            0.04917987187703451,
            0.136552095413208,
            0.05254824956258138
        ],
        "std_score_time": [
            0.0016483198472895854,
            0.0010248533730319188,
            0.12346512046863616,
            0.0022107009280484453
        ],
        "param_lr": [
            0.001,
            0.001,
            0.0005,
            0.0005
        ],
        "param_optimizer__weight_decay": [
            0.01,
            0.001,
            0.01,
            0.001
        ],
        "split0_test_score": [
            0.9241071428571429,
            0.9040178571428571,
            0.9241071428571429,
            0.90625
        ],
        "split1_test_score": [
            0.9285714285714286,
            0.921875,
            0.9308035714285714,
            0.90625
        ],
        "split2_test_score": [
            0.9375,
            0.9352678571428571,
            0.9508928571428571,
            0.9553571428571429
        ],
        "mean_test_score": [
            0.9300595238095238,
            0.9203869047619048,
            0.9352678571428572,
            0.9226190476190476
        ],
        "std_test_score": [
            0.005567942539842155,
            0.012801079266432482,
            0.011381739985698148,
            0.023149329145988183
        ],
        "rank_test_score": [
            2,
            4,
            1,
            3
        ],
        "split0_train_score": [
            0.9709821428571429,
            0.9575892857142857,
            0.9620535714285714,
            0.9620535714285714
        ],
        "split1_train_score": [
            0.9698660714285714,
            0.9375,
            0.9598214285714286,
            0.9620535714285714
        ],
        "split2_train_score": [
            0.9464285714285714,
            0.9453125,
            0.9631696428571429,
            0.9520089285714286
        ],
        "mean_train_score": [
            0.9624255952380952,
            0.9468005952380952,
            0.9616815476190476,
            0.9587053571428571
        ],
        "std_train_score": [
            0.011320776826415897,
            0.008268642399885734,
            0.0013919856349605437,
            0.004735090052588458
        ]
    },
    "test_set_evaluation": {
        "accuracy": 0.6285714285714286,
        "macro_avg": {
            "precision": 0.45669861747447954,
            "recall": 0.6285714285714287,
            "specificity": 0.9257142857142857,
            "f1": 0.5201981750941359,
            "roc_auc": 0.9422585034013605,
            "pr_auc": 0.8079938826769307
        }
    },
    "accuracy": 0.6285714285714286,
    "macro_avg": {
        "precision": 0.45669861747447954,
        "recall": 0.6285714285714287,
        "specificity": 0.9257142857142857,
        "f1": 0.5201981750941359,
        "roc_auc": 0.9422585034013605,
        "pr_auc": 0.8079938826769307
    }
}