{
    "method": "non_nested_grid_search",
    "params": {
        "cv": 3,
        "n_iter": "N/A",
        "method": "grid",
        "scoring": "accuracy"
    },
    "best_params": {
        "lr": 0.001,
        "optimizer__weight_decay": 0.01
    },
    "best_score": 0.9308035714285715,
    "cv_results": {
        "mean_fit_time": [
            3.4831477801005044,
            3.351074775060018,
            3.4333841800689697,
            3.314010222752889
        ],
        "std_fit_time": [
            0.23899149972758574,
            0.036797326051837484,
            0.05247818235989251,
            0.05613265023230853
        ],
        "mean_score_time": [
            0.04786245028177897,
            0.046360015869140625,
            0.04700032869974772,
            0.04604856173197428
        ],
        "std_score_time": [
            0.0022271968803799684,
            0.0005907812582110712,
            0.0008183844595769507,
            0.00041054273215255935
        ],
        "param_lr": [
            0.001,
            0.001,
            0.0005,
            0.0005
        ],
        "param_optimizer__weight_decay": [
            0.01,
            0.001,
            0.01,
            0.001
        ],
        "split0_test_score": [
            0.9084821428571429,
            0.921875,
            0.9196428571428571,
            0.90625
        ],
        "split1_test_score": [
            0.9330357142857143,
            0.9330357142857143,
            0.9174107142857143,
            0.9330357142857143
        ],
        "split2_test_score": [
            0.9508928571428571,
            0.9308035714285714,
            0.9508928571428571,
            0.9419642857142857
        ],
        "mean_test_score": [
            0.9308035714285715,
            0.9285714285714285,
            0.9293154761904762,
            0.9270833333333334
        ],
        "std_test_score": [
            0.0173858950082558,
            0.004821979686315372,
            0.015284701327510503,
            0.015175653314264237
        ],
        "rank_test_score": [
            1,
            3,
            2,
            4
        ],
        "split0_train_score": [
            0.953125,
            0.9732142857142857,
            0.9642857142857143,
            0.9464285714285714
        ],
        "split1_train_score": [
            0.9787946428571429,
            0.9698660714285714,
            0.9486607142857143,
            0.9698660714285714
        ],
        "split2_train_score": [
            0.9553571428571429,
            0.9430803571428571,
            0.9598214285714286,
            0.9553571428571429
        ],
        "mean_train_score": [
            0.9624255952380952,
            0.9620535714285715,
            0.9575892857142857,
            0.9572172619047619
        ],
        "std_train_score": [
            0.011610481052326824,
            0.013485542381243953,
            0.0065712506445891735,
            0.009658299840585687
        ]
    },
    "test_set_evaluation": {
        "accuracy": 0.6333333333333333,
        "macro_avg": {
            "precision": 0.4480551210077072,
            "recall": 0.6333333333333334,
            "specificity": 0.9266666666666667,
            "f1": 0.5179693080183413,
            "roc_auc": 0.9411360544217687,
            "pr_auc": 0.7960817518116426
        }
    },
    "accuracy": 0.6333333333333333,
    "macro_avg": {
        "precision": 0.4480551210077072,
        "recall": 0.6333333333333334,
        "specificity": 0.9266666666666667,
        "f1": 0.5179693080183413,
        "roc_auc": 0.9411360544217687,
        "pr_auc": 0.7960817518116426
    }
}