{
    "method": "single_eval",
    "params": {},
    "accuracy": 0.5632183908045977,
    "macro_avg": {
        "precision": 0.66242784992785,
        "recall": 0.5668498168498168,
        "specificity": 0.9274131274131275,
        "f1": 0.547209048536956,
        "roc_auc": 0.8961512061512062,
        "pr_auc": 0.6832328350389166
    },
    "full_params_used": {}
}