rank_test_score,mean_test_score,std_test_score,mean_train_score,std_train_score,mean_fit_time,mean_score_time,optimizer__weight_decay,module__vit_model_variant,module__unfreeze_strategy,module__unfreeze_pos_embedding,module__unfreeze_patch_embedding,module__unfreeze_encoder_layernorm,module__unfreeze_cls_token,module__pretrained,module__num_transformer_blocks_to_unfreeze,module__head_dropout_rate,module__custom_head_hidden_dims,max_epochs,lr,batch_size
1,0.5127836748526404,0.01851164482691221,0.7043924770722558,0.04115855445087692,1984.1341236114501,31.589254283905028,0.05,vit_b_16,encoder_tail,True,False,True,True,True,4.0,0.0,,70,5e-05,16
2,0.5054054054054055,0.0095032332215301,0.6954244181041969,0.03812822530438142,178.72486338615417,1.2640278339385986,0.05,vit_b_16,encoder_tail,True,False,True,True,True,4.0,0.0,,70,3e-05,16
3,0.49656261725227246,0.017136901413613917,0.6933345313800139,0.03286180499453829,600.829675912857,8.401382637023925,0.01,vit_b_16,encoder_tail,True,False,True,True,True,4.0,0.0,,70,5e-05,16
4,0.4936093729197178,0.0052918731698132805,0.6977637804312666,0.017153710426673036,217.35990319252014,1.2575560092926026,0.01,vit_b_16,encoder_tail,True,False,True,True,True,2.0,0.0,,70,3e-05,16
5,0.486726135001997,0.013820077263654312,0.6678949665427846,0.019051601483323438,3244.8250464916227,31.193594646453857,0.001,vit_b_16,none,True,False,True,True,True,,0.25,[512],50,0.0003,32
6,0.48525072318175766,0.0255575542477579,0.667404170108534,0.0033253142962977643,6168.789676618576,31.434589672088624,0.001,vit_b_16,none,True,False,True,True,True,,0.25,[512],50,0.0001,32
7,0.47147456457801284,0.02156093581911297,0.6761323428809599,0.01735811108703011,300.8499352455139,1.2155856609344482,0.01,vit_b_16,none,True,False,True,True,True,,0.5,[512],50,0.0003,32
8,0.46852253059149607,0.01666268826994477,0.613439289991226,0.04667603504107888,1870.2405481815338,30.690722036361695,0.05,vit_b_16,encoder_tail,True,False,True,True,True,2.0,0.25,,70,0.0001,16
