{
    "method": "cv_model_evaluation",
    "params": {
        "module": null,
        "module__num_classes": 7,
        "criterion": null,
        "optimizer": null,
        "lr": 0.001,
        "max_epochs": 10,
        "batch_size": 16,
        "device": "cuda",
        "callbacks": "default",
        "patience": 3,
        "train_transform": null,
        "valid_transform": null,
        "classes": [
            0,
            1,
            2,
            3,
            4,
            5,
            6
        ],
        "verbose": 1,
        "optimizer__weight_decay": 0.01
    },
    "cv_scores": {
        "accuracy": [
            0.6551724137931034,
            0.6482758620689655,
            0.6458333333333334
        ],
        "f1_macro": [
            0.6283401448224708,
            0.6221786150357579,
            0.6402205207574462
        ]
    },
    "mean_test_accuracy": 0.6497605363984674,
    "std_test_accuracy": 0.004843325237584841,
    "mean_test_f1_macro": 0.6302464268718917,
    "std_test_f1_macro": 0.009170770085250758,
    "accuracy": 0.6497605363984674,
    "macro_avg": {
        "f1": 0.6302464268718917
    },
    "full_params_used": {
        "module": null,
        "module__num_classes": 7,
        "criterion": null,
        "optimizer": null,
        "lr": 0.001,
        "max_epochs": 10,
        "batch_size": 16,
        "device": "cuda",
        "callbacks": "default",
        "patience": 3,
        "train_transform": null,
        "valid_transform": null,
        "classes": [
            0,
            1,
            2,
            3,
            4,
            5,
            6
        ],
        "verbose": 1,
        "optimizer__weight_decay": 0.01
    }
}