{
    "method": "non_nested_grid_search",
    "params": {
        "cv": 3,
        "n_iter": "N/A",
        "method": "grid",
        "scoring": "accuracy"
    },
    "best_params": {
        "lr": 0.001,
        "optimizer__weight_decay": 0.01
    },
    "best_score": 0.5935532233883057,
    "cv_results": {
        "mean_fit_time": [
            8.817518472671509,
            14.423834880193075
        ],
        "std_fit_time": [
            1.56904032538335,
            2.9526437114396358
        ],
        "mean_score_time": [
            0.6087435881296793,
            0.5813122590382894
        ],
        "std_score_time": [
            0.020943970381070886,
            0.036622541230712395
        ],
        "param_lr": [
            0.001,
            0.001
        ],
        "param_optimizer__weight_decay": [
            0.01,
            0.005
        ],
        "split0_test_score": [
            0.646551724137931,
            0.646551724137931
        ],
        "split1_test_score": [
            0.5775862068965517,
            0.5948275862068966
        ],
        "split2_test_score": [
            0.5565217391304348,
            0.5304347826086957
        ],
        "mean_test_score": [
            0.5935532233883057,
            0.5906046976511744
        ],
        "std_test_score": [
            0.038449609983704315,
            0.047498495543483635
        ],
        "rank_test_score": [
            1,
            2
        ],
        "split0_train_score": [
            0.6406926406926406,
            0.7229437229437229
        ],
        "split1_train_score": [
            0.5844155844155844,
            0.7056277056277056
        ],
        "split2_train_score": [
            0.6810344827586207,
            0.5905172413793104
        ],
        "mean_train_score": [
            0.6353809026222819,
            0.6730295566502463
        ],
        "std_train_score": [
            0.03962292097806999,
            0.05877172076460977
        ]
    },
    "test_set_evaluation": {
        "message": "Test set evaluation not performed in this method."
    },
    "accuracy": NaN,
    "macro_avg": {},
    "full_params_used": {
        "cv": 3,
        "n_iter": "N/A",
        "method": "grid",
        "scoring": "accuracy"
    }
}