{
    "method": "single_eval",
    "params": {},
    "accuracy": 0.6551724137931034,
    "macro_avg": {
        "precision": 0.6413206308164291,
        "recall": 0.6602564102564102,
        "specificity": 0.9426769626769627,
        "f1": 0.6273702249969999,
        "roc_auc": 0.9257733557733558,
        "pr_auc": 0.7442926613929218
    },
    "full_params_used": {}
}