{
    "method": "cv_model_evaluation_manual",
    "params": {
        "cv": 5
    },
    "cv_scores": {
        "accuracy": [
            0.632183908045977,
            0.6666666666666666,
            0.6551724137931034,
            0.5862068965517241,
            0.5348837209302325
        ],
        "precision_macro": [
            0.655328798185941,
            0.6626817626817626,
            0.6989795918367347,
            0.6066378066378066,
            0.5729265180873411
        ],
        "recall_macro": [
            0.6300366300366299,
            0.6620879120879121,
            0.6520146520146521,
            0.5888278388278388,
            0.543040293040293
        ],
        "f1_macro": [
            0.6352664232848565,
            0.6422276785448141,
            0.6372020699606907,
            0.5893055070073704,
            0.4994583950765616
        ]
    },
    "mean_test_accuracy": 0.6150227211975408,
    "std_test_accuracy": 0.05437419509069825,
    "mean_test_precision_macro": 0.6393108954859171,
    "mean_test_recall_macro": 0.6152014652014651,
    "mean_test_f1_macro": 0.6006920147748586,
    "accuracy": 0.6150227211975408,
    "macro_avg": {
        "precision": 0.6393108954859171,
        "recall": 0.6152014652014651,
        "f1": 0.6006920147748586,
        "roc_auc": NaN,
        "pr_auc": NaN
    }
}