{
    "method": "cv_model_evaluation_manual",
    "params": {
        "cv": 5
    },
    "cv_scores": {
        "accuracy": [
            0.6436781609195402,
            0.6896551724137931,
            0.7011494252873564,
            0.5862068965517241,
            0.6046511627906976
        ],
        "precision_macro": [
            0.6765506202480992,
            0.6870948379351741,
            0.7741527015184305,
            0.5887997623291741,
            0.6247526283240569
        ],
        "recall_macro": [
            0.6428571428571429,
            0.6822344322344323,
            0.696886446886447,
            0.5888278388278387,
            0.608058608058608
        ],
        "f1_macro": [
            0.6444654833017042,
            0.6617412796939709,
            0.6792022263450834,
            0.5803498250874564,
            0.586600654247713
        ]
    },
    "mean_test_accuracy": 0.6450681635926223,
    "std_test_accuracy": 0.05057969970206994,
    "mean_test_precision_macro": 0.670270110070987,
    "mean_test_recall_macro": 0.6437728937728939,
    "mean_test_f1_macro": 0.6304718937351856,
    "accuracy": 0.6450681635926223,
    "macro_avg": {
        "precision": 0.670270110070987,
        "recall": 0.6437728937728939,
        "f1": 0.6304718937351856,
        "roc_auc": NaN,
        "pr_auc": NaN
    }
}