{
    "method": "cv_model_evaluation_manual",
    "params": {
        "cv": 5
    },
    "cv_scores": {
        "accuracy": [
            0.632183908045977,
            0.7011494252873564,
            0.6551724137931034,
            0.5172413793103449,
            0.5813953488372093
        ],
        "precision_macro": [
            0.6459865997681123,
            0.7144819466248037,
            0.725069375069375,
            0.5075142178083355,
            0.6019143554857841
        ],
        "recall_macro": [
            0.6300366300366301,
            0.6941391941391941,
            0.652930402930403,
            0.5219780219780219,
            0.5842490842490842
        ],
        "f1_macro": [
            0.6295962676258242,
            0.6801060750640583,
            0.6316139294986005,
            0.5012493753123437,
            0.5626984126984127
        ]
    },
    "mean_test_accuracy": 0.6174284950547982,
    "std_test_accuracy": 0.07068833984611524,
    "mean_test_precision_macro": 0.6389932989512821,
    "mean_test_recall_macro": 0.6166666666666666,
    "mean_test_f1_macro": 0.6010528120398477,
    "accuracy": 0.6174284950547982,
    "macro_avg": {
        "precision": 0.6389932989512821,
        "recall": 0.6166666666666666,
        "f1": 0.6010528120398477,
        "roc_auc": NaN,
        "pr_auc": NaN
    }
}