{
    "method": "cv_model_evaluation",
    "params": {
        "cv": 5
    },
    "cv_scores": {
        "test_accuracy": [
            0.2988505747126437,
            0.25287356321839083,
            0.3793103448275862,
            0.26436781609195403,
            0.26744186046511625
        ],
        "test_precision_macro": [
            0.35980685980685984,
            0.1447278911564626,
            0.4650262018683072,
            0.18333333333333332,
            0.19301825993555313
        ],
        "test_recall_macro": [
            0.2967032967032967,
            0.260989010989011,
            0.37454212454212454,
            0.2673992673992674,
            0.2664835164835165
        ],
        "test_f1_macro": [
            0.25288635667844556,
            0.1323972323972324,
            0.26313152685823493,
            0.1865697794269223,
            0.2028210386105123
        ]
    },
    "fit_time_mean": 1.1724490642547607,
    "score_time_mean": 0.022995805740356444,
    "mean_test_accuracy": 0.2925688318631382,
    "std_test_accuracy": 0.045969395687850995,
    "mean_test_precision_macro": 0.2691825092201032,
    "mean_test_recall_macro": 0.2932234432234432,
    "mean_test_f1_macro": 0.2075611867942695,
    "accuracy": 0.2925688318631382,
    "macro_avg": {
        "precision": 0.2691825092201032,
        "recall": 0.2932234432234432,
        "f1": 0.2075611867942695,
        "roc_auc": NaN,
        "pr_auc": NaN
    }
}