{
    "method": "cv_model_evaluation_manual",
    "params": {
        "cv": 5
    },
    "cv_scores": {
        "accuracy": [
            0.6436781609195402,
            0.7011494252873564,
            0.7011494252873564,
            0.5402298850574713,
            0.627906976744186
        ],
        "precision_macro": [
            0.6822344322344323,
            0.7583987441130299,
            0.7426601176601177,
            0.5422379208093494,
            0.6368833547404975
        ],
        "recall_macro": [
            0.6410256410256411,
            0.6932234432234432,
            0.6987179487179487,
            0.5448717948717949,
            0.629120879120879
        ],
        "f1_macro": [
            0.6434754665677914,
            0.6910534221458591,
            0.6916854161019248,
            0.5301592357492978,
            0.6170150484436199
        ]
    },
    "mean_test_accuracy": 0.6428227746591821,
    "std_test_accuracy": 0.06624294312778992,
    "mean_test_precision_macro": 0.6724829139114854,
    "mean_test_recall_macro": 0.6413919413919413,
    "mean_test_f1_macro": 0.6346777178016986,
    "accuracy": 0.6428227746591821,
    "macro_avg": {
        "precision": 0.6724829139114854,
        "recall": 0.6413919413919413,
        "f1": 0.6346777178016986,
        "roc_auc": NaN,
        "pr_auc": NaN
    }
}