{
    "method": "cv_model_evaluation_manual",
    "params": {
        "cv": 5
    },
    "cv_scores": {
        "accuracy": [
            0.6206896551724138,
            0.632183908045977,
            0.6436781609195402,
            0.5862068965517241,
            0.5813953488372093
        ],
        "precision_macro": [
            0.6380846044711591,
            0.6678004535147392,
            0.6647804576376004,
            0.5944186765615338,
            0.5917025901269598
        ],
        "recall_macro": [
            0.6199633699633699,
            0.6217948717948719,
            0.6401098901098902,
            0.5888278388278387,
            0.5833333333333333
        ],
        "f1_macro": [
            0.624116008215387,
            0.5960551962720572,
            0.6291786806949393,
            0.5823333004699466,
            0.5710333608705851
        ]
    },
    "mean_test_accuracy": 0.612830793905373,
    "std_test_accuracy": 0.027770865560834353,
    "mean_test_precision_macro": 0.6313573564623984,
    "mean_test_recall_macro": 0.6108058608058607,
    "mean_test_f1_macro": 0.6005433093045831,
    "accuracy": 0.612830793905373,
    "macro_avg": {
        "precision": 0.6313573564623984,
        "recall": 0.6108058608058607,
        "f1": 0.6005433093045831,
        "roc_auc": NaN,
        "pr_auc": NaN
    }
}