{
    "method": "cv_model_evaluation_manual",
    "params": {
        "cv": 5
    },
    "cv_scores": {
        "accuracy": [
            0.6206896551724138,
            0.6666666666666666,
            0.6666666666666666,
            0.5287356321839081,
            0.5581395348837209
        ],
        "precision_macro": [
            0.6395691609977323,
            0.6632914704343275,
            0.7036684238912957,
            0.5414414017355194,
            0.5145535486922042
        ],
        "recall_macro": [
            0.619047619047619,
            0.6584249084249084,
            0.6630036630036631,
            0.532051282051282,
            0.565018315018315
        ],
        "f1_macro": [
            0.6219962406598352,
            0.6464765147869969,
            0.645052566481138,
            0.5217855265317249,
            0.5151950072224897
        ]
    },
    "mean_test_accuracy": 0.6081796311146752,
    "std_test_accuracy": 0.06287552694443187,
    "mean_test_precision_macro": 0.6125048011502159,
    "mean_test_recall_macro": 0.6075091575091575,
    "mean_test_f1_macro": 0.5901011711364369,
    "accuracy": 0.6081796311146752,
    "macro_avg": {
        "precision": 0.6125048011502159,
        "recall": 0.6075091575091575,
        "f1": 0.5901011711364369,
        "roc_auc": NaN,
        "pr_auc": NaN
    }
}