{
    "method": "cv_model_evaluation_manual",
    "params": {
        "cv": 5
    },
    "cv_scores": {
        "accuracy": [
            0.6091954022988506,
            0.6666666666666666,
            0.6781609195402298,
            0.5517241379310345,
            0.6046511627906976
        ],
        "precision_macro": [
            0.6375719518576661,
            0.6784913965586234,
            0.7147127717003494,
            0.5445545682387787,
            0.6178738241708166
        ],
        "recall_macro": [
            0.6071428571428571,
            0.6575091575091575,
            0.674908424908425,
            0.5540293040293041,
            0.6089743589743589
        ],
        "f1_macro": [
            0.6128169993716213,
            0.6406464780269474,
            0.6770618615339111,
            0.5402418992881827,
            0.5823092677931386
        ]
    },
    "mean_test_accuracy": 0.6220796578454959,
    "std_test_accuracy": 0.051363325759224726,
    "mean_test_precision_macro": 0.6386409025052467,
    "mean_test_recall_macro": 0.6205128205128205,
    "mean_test_f1_macro": 0.6106153012027602,
    "accuracy": 0.6220796578454959,
    "macro_avg": {
        "precision": 0.6386409025052467,
        "recall": 0.6205128205128205,
        "f1": 0.6106153012027602,
        "roc_auc": NaN,
        "pr_auc": NaN
    }
}