{
    "method": "nested_grid_search",
    "params": {
        "outer_cv": 3,
        "inner_cv": 2,
        "n_iter": "N/A",
        "method": "grid",
        "scoring": "accuracy"
    },
    "outer_cv_scores": {
        "test_accuracy": [
            0.6137931034482759,
            0.6689655172413793,
            0.625
        ],
        "test_precision_macro": [
            0.6582530538513456,
            0.6821150097465887,
            0.6742620124973067
        ],
        "test_recall_macro": [
            0.6159863945578231,
            0.6683673469387755,
            0.6278911564625851
        ],
        "test_f1_macro": [
            0.6047683741063532,
            0.6432358965091414,
            0.6130873247227314
        ]
    },
    "mean_test_accuracy": 0.6359195402298851,
    "best_params_per_fold": [
        {
            "lr": 0.0005,
            "optimizer__weight_decay": 0.001
        },
        {
            "lr": 0.0005,
            "optimizer__weight_decay": 0.001
        },
        {
            "lr": 0.0005,
            "optimizer__weight_decay": 0.01
        }
    ],
    "accuracy": 0.6359195402298851,
    "macro_avg": {
        "precision": NaN
    }
}