{
    "method": "nested_grid_search",
    "params": {
        "outer_cv": 3,
        "inner_cv": 2,
        "n_iter": "N/A",
        "method": "grid",
        "scoring": "accuracy"
    },
    "outer_cv_scores": {
        "test_accuracy": [
            0.6137931034482759,
            0.5862068965517241,
            0.6041666666666666
        ],
        "test_precision_macro": [
            0.6323255651585972,
            0.6015516490735274,
            0.6014132925897632
        ],
        "test_recall_macro": [
            0.6149659863945578,
            0.5850340136054422,
            0.6037414965986395
        ],
        "test_f1_macro": [
            0.6055347997575661,
            0.5630925452175987,
            0.5812412124986203
        ]
    },
    "mean_test_accuracy": 0.6013888888888889,
    "best_params_per_fold": [
        {
            "lr": 0.0005,
            "optimizer__weight_decay": 0.001
        },
        {
            "lr": 0.001,
            "optimizer__weight_decay": 0.01
        },
        {
            "lr": 0.001,
            "optimizer__weight_decay": 0.01
        }
    ],
    "accuracy": 0.6013888888888889,
    "macro_avg": {
        "precision": NaN
    }
}