{
    "method": "non_nested_grid_search",
    "params": {
        "cv": 3,
        "n_iter": "N/A",
        "method": "grid",
        "scoring": "accuracy"
    },
    "best_params": {
        "lr": 0.001,
        "optimizer__weight_decay": 0.01
    },
    "best_score": 0.7401823281907434,
    "cv_results": {
        "mean_fit_time": [
            0.9948670864105225,
            0.8705553213755289,
            0.9473656018575033,
            0.9825785954793295
        ],
        "std_fit_time": [
            0.14683429247918825,
            0.04207442583392314,
            0.058679003105787345,
            0.036293835704604656
        ],
        "mean_score_time": [
            0.017694393793741863,
            0.013860781987508139,
            0.011855284372965494,
            0.012029170989990234
        ],
        "std_score_time": [
            0.001965857463856743,
            0.0010264511813751374,
            0.001435551563965683,
            0.001412684356408654
        ],
        "param_lr": [
            0.001,
            0.001,
            0.0005,
            0.0005
        ],
        "param_optimizer__weight_decay": [
            0.01,
            0.001,
            0.01,
            0.001
        ],
        "split0_test_score": [
            0.7096774193548387,
            0.7096774193548387,
            0.7204301075268817,
            0.6989247311827957
        ],
        "split1_test_score": [
            0.7391304347826086,
            0.75,
            0.7391304347826086,
            0.7282608695652174
        ],
        "split2_test_score": [
            0.7717391304347826,
            0.7282608695652174,
            0.75,
            0.7282608695652174
        ],
        "mean_test_score": [
            0.7401823281907434,
            0.7293127629733521,
            0.7365201807698302,
            0.7184821567710769
        ],
        "std_test_score": [
            0.0253475029059296,
            0.01647841997437742,
            0.012212144357874901,
            0.013829188256024876
        ],
        "rank_test_score": [
            1,
            3,
            2,
            4
        ],
        "split0_train_score": [
            0.7771739130434783,
            0.7934782608695652,
            0.7771739130434783,
            0.7554347826086957
        ],
        "split1_train_score": [
            0.7783783783783784,
            0.8324324324324325,
            0.8108108108108109,
            0.7837837837837838
        ],
        "split2_train_score": [
            0.8054054054054054,
            0.8054054054054054,
            0.8,
            0.827027027027027
        ],
        "mean_train_score": [
            0.7869858989424207,
            0.8104386995691343,
            0.7959949079514296,
            0.7887485311398356
        ],
        "std_train_score": [
            0.013033836681005722,
            0.01629636785997206,
            0.01402119335364949,
            0.02943749199513653
        ]
    },
    "test_set_evaluation": {
        "accuracy": 0.4942528735632184,
        "macro_avg": {
            "precision": 0.3826725905673274,
            "recall": 0.49633699633699635,
            "specificity": 0.9158815958815959,
            "f1": 0.4197280104187537,
            "roc_auc": 0.7917803517803517,
            "pr_auc": 0.5214988028289212
        }
    },
    "accuracy": 0.4942528735632184,
    "macro_avg": {
        "precision": 0.3826725905673274,
        "recall": 0.49633699633699635,
        "specificity": 0.9158815958815959,
        "f1": 0.4197280104187537,
        "roc_auc": 0.7917803517803517,
        "pr_auc": 0.5214988028289212
    }
}