{
    "method": "non_nested_grid_search",
    "params": {
        "cv": 3,
        "n_iter": "N/A",
        "method": "grid",
        "scoring": "accuracy"
    },
    "best_params": {
        "lr": 0.0005,
        "optimizer__weight_decay": 0.01
    },
    "best_score": 0.7328580333489169,
    "cv_results": {
        "mean_fit_time": [
            1.7573586304982503,
            1.483317772547404,
            1.472144365310669,
            1.6054109732309978
        ],
        "std_fit_time": [
            0.3766114027267771,
            0.053250203282167376,
            0.049216987746593006,
            0.0582620922178059
        ],
        "mean_score_time": [
            0.025894641876220703,
            0.01860356330871582,
            0.01758130391438802,
            0.019884030024210613
        ],
        "std_score_time": [
            0.008620745801139619,
            0.002337612995753085,
            0.00041029449205964044,
            0.002047361243585578
        ],
        "param_lr": [
            0.001,
            0.001,
            0.0005,
            0.0005
        ],
        "param_optimizer__weight_decay": [
            0.01,
            0.001,
            0.01,
            0.001
        ],
        "split0_test_score": [
            0.7096774193548387,
            0.6881720430107527,
            0.7311827956989247,
            0.6881720430107527
        ],
        "split1_test_score": [
            0.717391304347826,
            0.7608695652173914,
            0.7391304347826086,
            0.7282608695652174
        ],
        "split2_test_score": [
            0.6956521739130435,
            0.7065217391304348,
            0.7282608695652174,
            0.7391304347826086
        ],
        "mean_test_score": [
            0.7075736325385694,
            0.718521115786193,
            0.7328580333489169,
            0.718521115786193
        ],
        "std_test_score": [
            0.008998773517961736,
            0.030867687677583324,
            0.004592869683305771,
            0.021914021778312077
        ],
        "rank_test_score": [
            4,
            2,
            1,
            2
        ],
        "split0_train_score": [
            0.7880434782608695,
            0.7934782608695652,
            0.7934782608695652,
            0.7554347826086957
        ],
        "split1_train_score": [
            0.7405405405405405,
            0.7891891891891892,
            0.8216216216216217,
            0.8108108108108109
        ],
        "split2_train_score": [
            0.8054054054054054,
            0.7891891891891892,
            0.8054054054054054,
            0.827027027027027
        ],
        "mean_train_score": [
            0.7779964747356051,
            0.7906188797493146,
            0.8068350959655307,
            0.7977575401488446
        ],
        "std_train_score": [
            0.0274173835775991,
            0.0020218877801260124,
            0.011533868964297624,
            0.03065021230426131
        ]
    },
    "test_set_evaluation": {
        "accuracy": 0.4827586206896552,
        "macro_avg": {
            "precision": 0.37756410256410255,
            "recall": 0.48443223443223443,
            "specificity": 0.9140797940797941,
            "f1": 0.4105424015525356,
            "roc_auc": 0.7915546315546316,
            "pr_auc": 0.5224439146407746
        }
    },
    "accuracy": 0.4827586206896552,
    "macro_avg": {
        "precision": 0.37756410256410255,
        "recall": 0.48443223443223443,
        "specificity": 0.9140797940797941,
        "f1": 0.4105424015525356,
        "roc_auc": 0.7915546315546316,
        "pr_auc": 0.5224439146407746
    }
}