{
    "method": "non_nested_grid_search",
    "params": {
        "cv": 3,
        "n_iter": null,
        "method": "grid",
        "scoring": "accuracy"
    },
    "best_params": {
        "lr": 0.0005,
        "optimizer__weight_decay": 0.001
    },
    "best_score": 0.45500233754090696,
    "cv_results": {
        "mean_fit_time": [
            1.6309630870819092,
            1.2120945453643799,
            1.456680456797282,
            1.4258023103078206
        ],
        "std_fit_time": [
            0.4330865179735639,
            0.27095984945496493,
            0.05293820164269721,
            0.09702937601524389
        ],
        "mean_score_time": [
            0.027544577916463215,
            0.01707911491394043,
            0.020857493082682293,
            0.016454219818115234
        ],
        "std_score_time": [
            0.009466416798519431,
            0.001092761085933364,
            0.006808624215545822,
            0.00039083260842172156
        ],
        "param_lr": [
            0.001,
            0.001,
            0.0005,
            0.0005
        ],
        "param_optimizer__weight_decay": [
            0.01,
            0.001,
            0.01,
            0.001
        ],
        "params": [
            {
                "lr": 0.001,
                "optimizer__weight_decay": 0.01
            },
            {
                "lr": 0.001,
                "optimizer__weight_decay": 0.001
            },
            {
                "lr": 0.0005,
                "optimizer__weight_decay": 0.01
            },
            {
                "lr": 0.0005,
                "optimizer__weight_decay": 0.001
            }
        ],
        "split0_test_score": [
            0.40860215053763443,
            0.3978494623655914,
            0.44086021505376344,
            0.41935483870967744
        ],
        "split1_test_score": [
            0.31521739130434784,
            0.31521739130434784,
            0.42391304347826086,
            0.4891304347826087
        ],
        "split2_test_score": [
            0.4673913043478261,
            0.3804347826086957,
            0.4673913043478261,
            0.45652173913043476
        ],
        "mean_test_score": [
            0.39707028206326944,
            0.36450054542621163,
            0.44405485429328345,
            0.45500233754090696
        ],
        "std_test_score": [
            0.06265760366533638,
            0.03556627361146459,
            0.0178930914408048,
            0.028506021442564377
        ],
        "rank_test_score": [
            3,
            4,
            2,
            1
        ],
        "split0_train_score": [
            0.5271739130434783,
            0.5597826086956522,
            0.6630434782608695,
            0.6195652173913043
        ],
        "split1_train_score": [
            0.42702702702702705,
            0.2756756756756757,
            0.5621621621621622,
            0.6702702702702703
        ],
        "split2_train_score": [
            0.6918918918918919,
            0.6054054054054054,
            0.6054054054054054,
            0.6648648648648648
        ],
        "mean_train_score": [
            0.5486976106541325,
            0.4802878965922444,
            0.6102036819428124,
            0.6515667841754799
        ],
        "std_train_score": [
            0.10919646309625278,
            0.1458766159149869,
            0.04132414611135479,
            0.02273587194106456
        ]
    },
    "test_set_evaluation": {
        "accuracy": 0.5747126436781609,
        "macro_avg": {
            "precision": 0.5542524702188568,
            "recall": 0.5686813186813187,
            "specificity": 0.9287258687258688,
            "f1": 0.5414410151252257,
            "roc_auc": 0.8765293865293866,
            "pr_auc": 0.635934032229722
        }
    },
    "accuracy": 0.5747126436781609,
    "macro_avg": {
        "precision": 0.5542524702188568,
        "recall": 0.5686813186813187,
        "specificity": 0.9287258687258688,
        "f1": 0.5414410151252257,
        "roc_auc": 0.8765293865293866,
        "pr_auc": 0.635934032229722
    }
}