{
    "accuracy": 0.5287356321839081,
    "macro_avg": {
        "precision": 0.39804945054945057,
        "recall": 0.5302197802197802,
        "specificity": 0.9216473616473617,
        "f1": 0.44793180258697507,
        "roc_auc": 0.8946912846912847,
        "pr_auc": 0.6038026573856522
    }
}