{
    "accuracy": 0.6206896551724138,
    "macro_avg": {
        "precision": 0.6737012987012987,
        "recall": 0.6227106227106228,
        "specificity": 0.936833976833977,
        "f1": 0.5972541243217935,
        "roc_auc": 0.8905649605649605,
        "pr_auc": 0.6359461383186075
    }
}