{
    "accuracy": 0.5402298850574713,
    "macro_avg": {
        "precision": 0.40494856647112293,
        "recall": 0.5421245421245422,
        "specificity": 0.9235521235521235,
        "f1": 0.45784495395173924,
        "roc_auc": 0.8920592020592021,
        "pr_auc": 0.6093980902219606
    }
}