{
    "accuracy": 0.5057471264367817,
    "macro_avg": {
        "precision": 0.38408628408628415,
        "recall": 0.5082417582417582,
        "specificity": 0.9178378378378379,
        "f1": 0.4291182626896913,
        "roc_auc": 0.8961149061149062,
        "pr_auc": 0.606073684624313
    }
}