{
    "accuracy": 0.6091954022988506,
    "macro_avg": {
        "precision": 0.6864389233954451,
        "recall": 0.6126373626373626,
        "specificity": 0.9349034749034749,
        "f1": 0.5584293176730152,
        "roc_auc": 0.8779272679272678,
        "pr_auc": 0.5940662608863411
    }
}