{
    "accuracy": 0.5517241379310345,
    "macro_avg": {
        "precision": 0.6451051685041832,
        "recall": 0.554945054945055,
        "specificity": 0.9251994851994851,
        "f1": 0.5087475181460144,
        "roc_auc": 0.8724175824175824,
        "pr_auc": 0.5878154148727496
    }
}