{
    "accuracy": 0.5862068965517241,
    "macro_avg": {
        "precision": 0.6459627329192547,
        "recall": 0.5897435897435898,
        "specificity": 0.9310939510939511,
        "f1": 0.5366286706069988,
        "roc_auc": 0.8784598884598884,
        "pr_auc": 0.6130544404938075
    }
}