{
    "accuracy": 0.5402298850574713,
    "macro_avg": {
        "precision": 0.5640394088669951,
        "recall": 0.543040293040293,
        "specificity": 0.9233204633204634,
        "f1": 0.47434807256235834,
        "roc_auc": 0.8742507342507342,
        "pr_auc": 0.5946352243669669
    }
}