{
    "accuracy": 0.4942528735632184,
    "macro_avg": {
        "precision": 0.37640520399141086,
        "recall": 0.49725274725274726,
        "specificity": 0.9159588159588159,
        "f1": 0.4178121280325492,
        "roc_auc": 0.8981018381018381,
        "pr_auc": 0.5978589333753374
    }
}