{
    "accuracy": 0.4942528735632184,
    "macro_avg": {
        "precision": 0.38121402407116695,
        "recall": 0.49725274725274726,
        "specificity": 0.9159330759330759,
        "f1": 0.42198412698412696,
        "roc_auc": 0.8994997194997195,
        "pr_auc": 0.5998240987869957
    }
}