{
    "accuracy": 0.5287356321839081,
    "macro_avg": {
        "precision": 0.39323339703774485,
        "recall": 0.5302197802197802,
        "specificity": 0.9215958815958816,
        "f1": 0.4467522871217452,
        "roc_auc": 0.8953928653928653,
        "pr_auc": 0.6038335899190181
    }
}