{
    "accuracy": 0.47126436781609193,
    "macro_avg": {
        "precision": 0.4118119511672735,
        "recall": 0.468864468864469,
        "specificity": 0.9119176319176319,
        "f1": 0.4151273895419795,
        "roc_auc": 0.8182150282150281,
        "pr_auc": 0.5436109473346172
    }
}