{
    "accuracy": 0.5862068965517241,
    "macro_avg": {
        "precision": 0.6011904761904762,
        "recall": 0.5897435897435898,
        "specificity": 0.9310424710424711,
        "f1": 0.5278819791203692,
        "roc_auc": 0.8750701250701252,
        "pr_auc": 0.5919191377866743
    }
}