{
    "accuracy": 0.5747126436781609,
    "macro_avg": {
        "precision": 0.5773809523809523,
        "recall": 0.5787545787545787,
        "specificity": 0.9291377091377091,
        "f1": 0.5132498104634328,
        "roc_auc": 0.8756641256641257,
        "pr_auc": 0.5923518097511835
    }
}