{
    "accuracy": 0.5172413793103449,
    "macro_avg": {
        "precision": 0.3979591836734694,
        "recall": 0.5192307692307693,
        "specificity": 0.9197425997425998,
        "f1": 0.4427694235588972,
        "roc_auc": 0.8969036069036068,
        "pr_auc": 0.5902291347824694
    }
}