{
    "accuracy": 0.5862068965517241,
    "macro_avg": {
        "precision": 0.6764424860853432,
        "recall": 0.5897435897435896,
        "specificity": 0.9310424710424711,
        "f1": 0.5405109412185928,
        "roc_auc": 0.878961818961819,
        "pr_auc": 0.607224242487529
    }
}