{
    "accuracy": 0.5287356321839081,
    "macro_avg": {
        "precision": 0.39649470899470896,
        "recall": 0.5311355311355311,
        "specificity": 0.9216473616473617,
        "f1": 0.4479113661379671,
        "roc_auc": 0.8889255189255189,
        "pr_auc": 0.6060479976881307
    }
}