{
    "accuracy": 0.5287356321839081,
    "macro_avg": {
        "precision": 0.3935407496331866,
        "recall": 0.5302197802197802,
        "specificity": 0.9215958815958816,
        "f1": 0.44798534798534806,
        "roc_auc": 0.884987624987625,
        "pr_auc": 0.6159152077436812
    }
}