{
    "accuracy": 0.5977011494252874,
    "macro_avg": {
        "precision": 0.6266233766233765,
        "recall": 0.6007326007326007,
        "specificity": 0.9329987129987131,
        "f1": 0.5443617638442937,
        "roc_auc": 0.8777173877173877,
        "pr_auc": 0.6126303721779376
    }
}