{
    "accuracy": 0.5287356321839081,
    "macro_avg": {
        "precision": 0.3970992729075436,
        "recall": 0.5302197802197802,
        "specificity": 0.9216216216216216,
        "f1": 0.4483699844767698,
        "roc_auc": 0.8958588258588259,
        "pr_auc": 0.5976267573253387
    }
}