{
    "accuracy": 0.4942528735632184,
    "macro_avg": {
        "precision": 0.37202691488405776,
        "recall": 0.49725274725274726,
        "specificity": 0.9159330759330759,
        "f1": 0.4164126349840635,
        "roc_auc": 0.8998990198990199,
        "pr_auc": 0.605767138415301
    }
}