{
    "method": "non_nested_grid_search",
    "params": {
        "cv": 3,
        "n_iter": "N/A",
        "method": "grid",
        "scoring": "accuracy"
    },
    "best_params": {
        "lr": 0.001,
        "optimizer__weight_decay": 0.01
    },
    "best_score": 0.6194402798600699,
    "cv_results": {
        "mean_fit_time": [
            13.813853104909262,
            14.568475246429443
        ],
        "std_fit_time": [
            1.42929383878466,
            2.366922620695705
        ],
        "mean_score_time": [
            0.5693560441335043,
            0.609425942103068
        ],
        "std_score_time": [
            0.04543800976730751,
            0.052698927655570764
        ],
        "param_lr": [
            0.001,
            0.001
        ],
        "param_optimizer__weight_decay": [
            0.01,
            0.005
        ],
        "split0_test_score": [
            0.6379310344827587,
            0.5517241379310345
        ],
        "split1_test_score": [
            0.6551724137931034,
            0.6637931034482759
        ],
        "split2_test_score": [
            0.5652173913043478,
            0.5043478260869565
        ],
        "mean_test_score": [
            0.6194402798600699,
            0.573288355822089
        ],
        "std_test_score": [
            0.03898211147544043,
            0.06685536995707811
        ],
        "rank_test_score": [
            1,
            2
        ],
        "split0_train_score": [
            0.6277056277056277,
            0.6753246753246753
        ],
        "split1_train_score": [
            0.7012987012987013,
            0.7402597402597403
        ],
        "split2_train_score": [
            0.728448275862069,
            0.5905172413793104
        ],
        "mean_train_score": [
            0.6858175349554659,
            0.668700552321242
        ],
        "std_train_score": [
            0.04255991990048323,
            0.06131129992050051
        ]
    },
    "test_set_evaluation": {
        "accuracy": 0.632183908045977,
        "macro_avg": {
            "precision": 0.6796655504306985,
            "recall": 0.6346153846153847,
            "specificity": 0.9388416988416989,
            "f1": 0.6160391097484601,
            "roc_auc": 0.9044929544929544,
            "pr_auc": 0.6878548433694134
        }
    },
    "accuracy": 0.632183908045977,
    "macro_avg": {
        "precision": 0.6796655504306985,
        "recall": 0.6346153846153847,
        "specificity": 0.9388416988416989,
        "f1": 0.6160391097484601,
        "roc_auc": 0.9044929544929544,
        "pr_auc": 0.6878548433694134
    },
    "full_params_used": {
        "cv": 3,
        "n_iter": "N/A",
        "method": "grid",
        "scoring": "accuracy"
    }
}