{
    "method": "single_eval",
    "params": {},
    "accuracy": 0.632183908045977,
    "macro_avg": {
        "precision": 0.6796655504306985,
        "recall": 0.6346153846153847,
        "specificity": 0.9388416988416989,
        "f1": 0.6160391097484601,
        "roc_auc": 0.9044929544929544,
        "pr_auc": 0.6878548433694134
    },
    "full_params_used": {}
}